{"cameraMode":{"drawMode":0,"name":"Shaded","section":"Shading Mode"},"sceneLighting":true,"audioPlay":false,"sceneViewState":{"m_AlwaysRefresh":false,"showFog":true,"showSkybox":true,"showFlares":true,"showImageEffects":true,"showParticleSystems":true,"showVisualEffectGraphs":true,"m_FxEnabled":true},"in2DMode":false,"pivot":{"x":12.470787048339844,"y":1.4864600896835328,"z":7.472656726837158},"rotation":{"x":-0.06285791844129563,"y":0.006871533114463091,"z":0.004157943185418844,"w":0.9969539642333984},"size":0.14410802721977235,"orthographic":false}